Time,Country_Name,Per_capita_GDP_rate,Per_capita_GDP,Gross_domestic_productA_at_market_prices,Population_growth_rate,Male_population,Female_population,Literacy_rate_male,Literacy_rate_female,Government_education_expenditure_as_a_percentage_of_GDP,Government_expenditure_on_secondary_and_higher_vocational_education_as_a_percentage_of_GDP,Total_population,Higher_education_enrollment,Higher_education_enrollment_rate,Educational_Fund ,Enrollment_Rate,Primary_school_to_university_total_enrollment_rate,Gross_enrolment_ratio
2013,Central African Republic,Low,300.48,1352053851,0.0021,0.4933,0.5067,0,0,0,0,4499653,0,0,Low,Low,0.26576918,0.01507538
2014,Central African Republic,Low,302.55,1366115455,0.0035,0.4933,0.5067,0,0,0,0,4515392,0,0,Low,Low,0.8389087,0.03015075
2005,Niger,Low,326.33,4444131751,0.0368,0.4982,0.5018,0.4057,0.1135,0,0,13618449,10799,0.0008,Low,Low,0.30109852,0.04522613
2007,Niger,Low,330.63,4849839715,0.0372,0.4989,0.5011,0,0,0.0402,0,14668338,10869,0.0007,Meddle,Low,0.32358345,0.06030151
2006,Niger,Low,332.71,4701891392,0.037,0.4985,0.5015,0,0,0.0333,0,14132064,11208,0.0008,Meddle,Low,0.7081363,0.07537688
2009,Niger,Low,333.69,5276949262,0.0377,0.4995,0.5005,0,0,0.0453,0,15813913,15992,0.001,High,Meddle,0.10025559,0.09045226
2011,Niger,Low,342.86,5850769296,0.0382,0.5001,0.4999,0,0,0.0421,0,17064636,18328,0.0011,Meddle,Meddle,0.47284794,0.10552764
2010,Niger,Low,348.15,5718589799,0.0379,0.4998,0.5002,0,0,0.0373,0,16425578,17096,0.001,Meddle,Meddle,0.93504152,0.12060302
2008,Niger,Low,349,5314826498,0.0375,0.4992,0.5008,0,0,0.0366,0,15228525,12823,0.0008,Meddle,Low,0.92786291,0.13567839
2012,Niger,Low,368.94,6541959480,0.0383,0.5003,0.4997,0.2109,0.0703,0.0433,0,17731634,21764,0.0012,Meddle,Meddle,0.34430909,0.15075377
2013,Niger,Low,373.74,6886614682,0.0384,0.5005,0.4995,0,0,0.0492,0.0029,18426372,0,0,High,High,0.32698923,0.16582915
2014,Niger,Low,386.73,7405110305,0.0384,0.5007,0.4993,0,0,0.0673,0.0039,19148219,0,0,High,High,1.18326676,0.18090452
2005,Afghanistan,Low,389.42,9762978844,0.0387,0.5173,0.4827,0,0,0,0,25070798,0,0,Low,Low,1.09737455,0.1959799
2006,Afghanistan,Low,397.99,10305228125,0.0323,0.5168,0.4832,0,0,0,0,25893450,0,0,Low,Low,1.0524482,0.21105528
2005,Central African Republic,Low,410.41,1694155506,0.0178,0.493,0.507,0,0,0.0164,0,4127910,0,0,Low,Low,1.21834768,0.22613065
2006,Central African Republic,Low,422.44,1774985113,0.0177,0.4931,0.5069,0,0,0.0142,0,4201758,4462,0.0011,Low,Low,0.72598334,0.24120603
2007,Central African Republic,Low,434.25,1856768170,0.0175,0.4932,0.5068,0,0,0.0131,0,4275800,0,0,Low,Low,0.74988758,0.25628141
2008,Central African Republic,Low,436.07,1894908620,0.0161,0.4933,0.5067,0,0,0.0129,0,4345386,9473,0.0022,Low,Low,1.16844364,0.27135678
2009,Central African Republic,Low,437.6,1927297142,0.0135,0.4933,0.5067,0,0,0.013,0,4404230,10427,0.0024,Low,Meddle,1.39940488,0.28643216
2007,Afghanistan,Low,440.37,11721187594,0.0276,0.5159,0.4841,0,0,0,0,26616792,0,0,Low,Low,1.252605,0.30150754
2008,Afghanistan,Low,444.95,12144482858,0.0251,0.5149,0.4851,0,0,0,0,27294031,0,0,Low,Low,0.99172987,0.31658291
2010,Central African Republic,Low,446.44,1986014846,0.01,0.4933,0.5067,0.5131,0.2318,0.012,0,4448525,11158,0.0025,Low,Low,1.18790738,0.33165829
2011,Central African Republic,Low,458.33,2051567618,0.0062,0.4933,0.5067,0,0,0.0122,0,4476153,13289,0.003,Low,Meddle,0.95297498,0.34673367
2012,Central African Republic,Low,475.67,2135944447,0.0032,0.4933,0.5067,0,0,0,0,4490416,12522,0.0028,Low,Meddle,1.49311426,0.36180905
2009,Afghanistan,Low,524.82,14697331941,0.0257,0.5141,0.4859,0,0,0,0,28004331,95185,0.0034,Low,High,0.78485481,0.37688442
2010,Afghanistan,Low,553.3,15936800636,0.0281,0.5138,0.4862,0,0,0.0346,0.0009,28803167,0,0,Meddle,Low,0.76236019,0.3919598
2011,Afghanistan,Low,569.23,16911126453,0.031,0.5138,0.4862,0.3779,0.0841,0.0344,0.001,29708599,97504,0.0033,Meddle,High,1.00996279,0.40703518
2014,Afghanistan,Low,610.24,19990317161,0.0318,0.5152,0.4848,0,0,0.0378,0.0014,32758020,262874,0.008,Meddle,High,1.14323606,0.42211055
2013,Afghanistan,Low,621.82,19731337261,0.0332,0.5147,0.4853,0,0,0.0347,0.001,31731688,0,0,Meddle,Low,0.85842033,0.43718593
2012,Afghanistan,Low,630.43,19352203806,0.0327,0.5142,0.4858,0,0,0.0252,0.0008,30696958,0,0,Meddle,Low,1.31304928,0.45226131
2005,Pakistan,Low,974.54,1.50E+11,0.0205,0.5154,0.4846,0.6036,0.2732,0.0225,0,153909667,782621,0.0051,Meddle,Meddle,1.14099526,0.46733668
2006,Pakistan,Low,1013.77,1.59E+11,0.0205,0.5152,0.4848,0.6429,0.3062,0.0263,0,157093993,820347,0.0052,Meddle,Meddle,0.9548088,0.48241206
2005,Vietnam,Low,1035.92,85351803030,0.0117,0.4925,0.5075,0,0,0,0,82392100,1354543,0.0164,Low,Low,1.78045181,0.49748744
2008,Pakistan,Low,1037.58,1.70E+11,0.0204,0.5146,0.4854,0.6604,0.3007,0.0275,0,163644603,973792,0.006,Meddle,Meddle,1.60468088,0.51256281
2010,Pakistan,Low,1040.14,1.77E+11,0.0208,0.5141,0.4859,0.6611,0.3099,0.0229,0,170560182,0,0,Meddle,Low,1.55871828,0.52763819
2007,Pakistan,Low,1041.29,1.67E+11,0.0204,0.5149,0.4851,0,0,0.0264,0,160332974,954698,0.006,Meddle,Meddle,1.63421686,0.54271357
2009,Pakistan,Low,1045.21,1.75E+11,0.0206,0.5143,0.4857,0.6585,0.3031,0.0259,0,167049580,1226004,0.0073,Meddle,Meddle,1.62311495,0.55778894
2011,Pakistan,Low,1046.49,1.82E+11,0.021,0.514,0.486,0.6411,0.3191,0.0222,0,174184265,1572664,0.009,Meddle,Meddle,1.42324172,0.57286432
2012,Pakistan,Low,1060.5,1.89E+11,0.0212,0.5138,0.4862,0.6707,0.3267,0.0214,0,177911533,1816949,0.0102,Meddle,Meddle,1.4278313,0.5879397
2013,Pakistan,Low,1083.97,1.97E+11,0.0211,0.5138,0.4862,0.6579,0.317,0.0249,0.0005,181712595,1915419,0.0105,Meddle,Meddle,1.74132066,0.60301508
2006,Vietnam,Low,1095.98,91307613277,0.0111,0.4927,0.5073,0,0,0,0,83311200,1427046,0.0171,Low,Low,1.99026063,0.61809045
2014,Pakistan,Low,1111.2,2.06E+11,0.0209,0.5137,0.4863,0.6625,0.3377,0.0247,0.0005,185546257,1931875,0.0104,Meddle,Meddle,1.65158748,0.63316583
2007,Vietnam,Low,1161.47,97817393660,0.0108,0.4929,0.5071,0,0,0,0,84218500,1587609,0.0189,Low,Low,1.24440785,0.64824121
2008,Vietnam,Low,1214.25,1.03E+11,0.0106,0.4932,0.5068,0,0,0.0489,0,85118700,1654846,0.0194,High,Low,1.91929694,0.66331658
2009,Vietnam,Low,1266.31,1.09E+11,0.0106,0.4935,0.5065,0.9564,0.9312,0.0482,0.0025,86025000,1774321,0.0206,High,Low,1.58833248,0.67839196
2010,Vietnam,Low,1333.58,1.16E+11,0.0105,0.4937,0.5063,0,0,0.0514,0.0029,86932500,2020413,0.0232,High,Low,2.17706079,0.69346734
2011,Vietnam,Low,1401.84,1.23E+11,0.0106,0.494,0.506,0,0,0.0481,0.0028,87860300,2229494,0.0254,High,Low,1.36735293,0.70854271
2012,Vietnam,Low,1459.64,1.30E+11,0.0107,0.4942,0.5058,0,0,0.0553,0.0027,88809200,2261204,0.0255,High,Low,1.88186568,0.72361809
2013,Vietnam,Low,1522.49,1.37E+11,0.0106,0.4944,0.5056,0,0,0.0565,0.0028,89759500,2250030,0.0251,High,Low,1.67425743,0.73869347
2014,Vietnam,Low,1596.35,1.45E+11,0.0107,0.4945,0.5055,0,0,0,0,90728900,2692124,0.0297,Low,Low,1.78800472,0.75376884
2005,China,Low,2738.21,3.57E+12,0.0059,0.5142,0.4858,0,0,0,0,1303720000,20601220,0.0158,Low,Low,2.35167766,0.76884422
2006,China,Low,3069.3,4.02E+12,0.0056,0.5143,0.4857,0,0,0,0,1311020000,23360536,0.0178,Low,High,1.86836767,0.7839196
2007,China,Low,3487.85,4.60E+12,0.0052,0.5144,0.4856,0,0,0,0,1317885000,25346280,0.0192,Low,High,1.90890475,0.79899497
2008,China,Low,3805.03,5.04E+12,0.0051,0.5145,0.4855,0,0,0,0,1324655000,26691696,0.0201,Low,High,2.15381368,0.81407035
2005,Iraq,Low,3857.61,1.04E+11,0.0259,0.5054,0.4946,0,0,0,0,27008426,424908,0.0157,Low,Low,1.60661668,0.82914573
2007,Iraq,Low,4098.31,1.16E+11,0.0247,0.5055,0.4945,0,0,0,0,28390433,0,0,Low,Low,2.23843231,0.84422111
2009,China,Low,4142.04,5.51E+12,0.005,0.5146,0.4854,0,0,0,0,1331260000,29295840,0.022,Low,High,1.60320109,0.85929648
2006,Iraq,Low,4143.69,1.15E+11,0.0252,0.5055,0.4945,0,0,0,0,27697912,0,0,Low,Low,2.39859331,0.87437186
2008,Iraq,Low,4325.67,1.26E+11,0.0251,0.5054,0.4946,0,0,0,0,29111417,0,0,Low,Low,2.33032471,0.88944724
2009,Iraq,Low,4354.68,1.30E+11,0.0265,0.5054,0.4946,0,0,0,0,29894652,0,0,Low,Low,1.98439967,0.90452261
2010,Iraq,Low,4502.75,1.39E+11,0.0286,0.5054,0.4946,0,0,0,0,30762701,0,0,Low,Low,1.79541998,0.91959799
2010,China,Low,4560.51,6.10E+12,0.0048,0.5147,0.4853,0.985,0.9561,0,0,1337705000,31046735,0.0232,Low,High,2.24212526,0.93467337
2011,Iraq,Low,4695.36,1.49E+11,0.0309,0.5055,0.4945,0,0,0,0,31727053,0,0,Low,Low,1.9677912,0.94974874
2011,China,Low,4971.54,6.68E+12,0.0048,0.5148,0.4852,0,0,0,0,1344130000,31308378,0.0233,Low,High,2.57031377,0.96482412
2012,Iraq,Low,5178.42,1.70E+11,0.0325,0.5056,0.4944,0,0,0,0,32776571,0,0,Low,Low,2.33414925,0.9798995
2014,Iraq,Low,5203.44,1.82E+11,0.0326,0.5059,0.4941,0,0,0,0,35006080,0,0,Low,Low,2.40843622,0.99497487
2012,China,Low,5336.06,7.21E+12,0.0049,0.5149,0.4851,0,0,0,0,1350695000,32585961,0.0241,Low,High,2.8613187,1.01005025
2013,Iraq,Low,5338.52,1.81E+11,0.0332,0.5058,0.4942,0.5502,0.3823,0,0,33883145,0,0,Low,Low,2.39977233,1.02512563
2013,China,Low,5721.69,7.77E+12,0.0049,0.515,0.485,0,0,0,0,1357380000,34091290,0.0251,Low,High,2.55457238,1.04020101
2014,China,Low,6108.24,8.33E+12,0.0051,0.5151,0.4849,0,0,0,0,1364270000,41924198,0.0307,Low,High,2.65980266,1.05527638
2005,Argentina,Low,8522.52,3.34E+11,0.0107,0.4892,0.5108,0,0,0.0386,0,39145488,2082577,0.0532,Meddle,High,2.45143799,1.07035176
2006,Argentina,Low,9112.11,3.60E+11,0.0105,0.4892,0.5108,0,0,0.0413,0,39558890,2202032,0.0557,Meddle,High,2.55057872,1.08542714
2009,Argentina,Low,9428.5,3.85E+11,0.0103,0.4891,0.5109,0,0,0.0553,0,40799407,2387049,0.0585,High,High,2.85738697,1.10050251
2005,Brazil,Low,9495.1,1.77E+12,0.0117,0.4934,0.5066,0,0,0.0448,0,186917361,4572297,0.0245,Meddle,High,2.85741832,1.11557789
2006,Brazil,Low,9761.88,1.85E+12,0.0111,0.4932,0.5068,0.8896,0.904,0.0487,0,189012412,0,0,High,Low,2.24584091,1.13065327
2007,Argentina,Low,9830.68,3.93E+11,0.0103,0.4891,0.5109,0,0,0.0446,0,39970224,2208291,0.0552,Meddle,High,2.74992711,1.14572864
2008,Argentina,Meddle,10125.13,4.09E+11,0.0103,0.4891,0.5109,0,0,0.0484,0,40382389,2287874,0.0567,High,High,3.02688432,1.16080402
2007,Brazil,Meddle,10245.23,1.96E+12,0.0106,0.4931,0.5069,0.8944,0.9104,0.0497,0,191026637,5272877,0.0276,High,High,2.36679918,1.1758794
2010,Argentina,Meddle,10276.26,4.24E+11,0.0104,0.4891,0.5109,0,0,0.0502,0,41223889,2520985,0.0612,High,High,3.05874532,1.19095477
2014,Argentina,Meddle,10323.21,4.44E+11,0.0103,0.4893,0.5107,0,0,0.0536,0,42981515,2869450,0.0668,High,High,2.52207594,1.20603015
2005,Lithuania,Meddle,10537.91,35012502276,-0.0163,0.4646,0.5354,0,0,0.0487,0,3322528,195405,0.0588,High,High,3.10547167,1.22110553
2009,Brazil,Meddle,10540.11,2.05E+12,0.0099,0.4927,0.5073,0.902,0.9155,0.0546,0,194895996,6115138,0.0314,High,High,3.02068125,1.2361809
2012,Argentina,Meddle,10557.89,4.44E+11,0.0105,0.4892,0.5108,0,0,0.0535,0,42096739,2726557,0.0648,High,High,2.93544289,1.25125628
2008,Brazil,Meddle,10658.23,2.06E+12,0.0102,0.4929,0.5071,0.8965,0.9123,0.0527,0,192979029,5958135,0.0309,High,High,2.43757208,1.26633166
2013,Argentina,Meddle,10699.2,4.55E+11,0.0105,0.4892,0.5108,0,0,0.0544,0,42539925,2768211,0.0651,High,High,2.43354912,1.28140704
2011,Argentina,Meddle,10780.02,4.49E+11,0.0104,0.4891,0.5109,0,0,0.0529,0,41656879,2660514,0.0639,High,High,3.37715452,1.29648241
2010,Brazil,Meddle,11224.15,2.21E+12,0.0097,0.4925,0.5075,0.8993,0.9147,0.0565,0,196796269,6552707,0.0333,High,Low,3.09650559,1.31155779
2005,Chile,Meddle,11249.87,1.82E+11,0.0108,0.4947,0.5053,0,0,0.0326,0,16147064,663694,0.0411,Meddle,High,2.55198968,1.32663317
2006,Lithuania,Meddle,11500.53,37605683774,-0.016,0.4637,0.5363,0,0,0.0482,0,3269909,198868,0.0608,High,High,2.88577822,1.34170854
2009,Lithuania,Meddle,11546.82,36521628848,-0.0111,0.4609,0.5391,0,0,0.0558,0,3162916,210744,0.0666,High,High,2.74129767,1.35678392
2011,Brazil,Meddle,11559.21,2.30E+12,0.0096,0.4924,0.5076,0.9136,0.9296,0.0574,0,198686688,6929324,0.0349,High,High,3.17470576,1.3718593
2012,Brazil,Meddle,11671.18,2.34E+12,0.0094,0.4922,0.5078,0.9116,0.929,0.0586,0,200560983,7241405,0.0361,High,High,3.47968102,1.38693467
2006,Chile,Meddle,11833.95,1.93E+11,0.0106,0.4947,0.5053,0,0,0.0302,0,16319792,661142,0.0405,Meddle,High,3.06700276,1.40201005
2014,Brazil,Meddle,11866.39,2.42E+12,0.0089,0.4919,0.5081,0.9174,0.9362,0.0595,0,204213133,8072146,0.0395,High,High,3.18785806,1.41708543
2013,Brazil,Meddle,11912.15,2.41E+12,0.0092,0.4921,0.5079,0.9157,0.9324,0.0584,0,202408632,7541112,0.0373,High,High,2.88256308,1.4321608
2010,Lithuania,Meddle,11984.87,37120517694,-0.021,0.4603,0.5397,0,0,0.053,0,3097282,201373,0.065,High,High,3.71822221,1.44723618
2009,Chile,Meddle,12268.44,2.06E+11,0.01,0.4949,0.5051,0.9899,0.9892,0.0423,0,16829442,876243,0.0521,Meddle,High,2.93114678,1.46231156
2007,Chile,Meddle,12285.05,2.03E+11,0.0105,0.4948,0.5052,0,0,0.0321,0,16491687,753398,0.0457,Meddle,High,3.34078584,1.47738693
2008,Chile,Meddle,12588.69,2.10E+11,0.0103,0.4948,0.5052,0.9886,0.9908,0.0379,0,16661942,804981,0.0483,Meddle,High,3.51342606,1.49246231
2010,Chile,Meddle,12860.18,2.19E+11,0.0097,0.4949,0.5051,0,0,0.0416,0,16993354,987643,0.0581,Meddle,High,3.07380672,1.50753769
2007,Lithuania,Meddle,12928.26,41775008782,-0.0119,0.4627,0.5373,0,0,0.0459,0,3231294,199855,0.0618,High,High,3.0198585,1.52261307
2011,Lithuania,Meddle,13000.19,39366069029,-0.0226,0.46,0.54,0.9977,0.9984,0.0512,0,3028115,187117,0.0618,High,High,3.0162892,1.53768844
2008,Lithuania,Meddle,13405.19,42872888581,-0.0103,0.4617,0.5383,0,0,0.0483,0,3198231,204767,0.064,High,High,3.59472068,1.55276382
2011,Chile,Meddle,13518.77,2.32E+11,0.0094,0.495,0.505,0.9737,0.9751,0.0405,0,17153357,1061527,0.0619,Meddle,High,3.591367,1.5678392
2012,Lithuania,Meddle,13681,40875719146,-0.0134,0.46,0.54,0,0,0.0477,0.0041,2987773,175066,0.0586,High,High,3.25990309,1.58291457
2012,Chile,Meddle,14109.14,2.44E+11,0.0091,0.495,0.505,0,0,0,0.0049,17309746,1118773,0.0646,Low,High,3.29953031,1.59798995
2013,Lithuania,Meddle,14304.8,42309159363,-0.0101,0.4601,0.5399,0,0,0.0461,0.0046,2957689,159695,0.054,High,High,3.13698946,1.61306533
2013,Chile,Meddle,14551.04,2.54E+11,0.0088,0.4951,0.5049,0.9693,0.9722,0.0453,0.0031,17462982,1174011,0.0672,High,High,4.09283186,1.6281407
2014,Chile,Meddle,14701.95,2.59E+11,0.0086,0.4952,0.5048,0,0,0.0472,0.0031,17613798,1205182,0.0684,High,High,3.29097262,1.64321608
2014,Lithuania,Meddle,14932.6,43787871322,-0.0086,0.4603,0.5397,0,0,0.0449,0.0041,2932367,148389,0.0506,Meddle,High,3.46888681,1.65829146
2005,Israel,Meddle,27570.95,1.91E+11,0.0176,0.4933,0.5067,0,0,0.0576,0,6930100,310937,0.0449,High,High,3.43876176,1.67336683
2006,Israel,Meddle,28499.33,2.01E+11,0.0177,0.4934,0.5066,0,0,0.0576,0,7053700,310014,0.044,High,High,3.77865888,1.68844221
2013,Spain,Meddle,29008.02,1.35E+12,-0.0033,0.4922,0.5078,0.9921,0.9904,0.0433,0,46620045,1969413,0.0422,Meddle,High,3.9102306,1.70351759
2012,Spain,Meddle,29414.86,1.38E+12,0.0006,0.4931,0.5069,0.9909,0.9892,0.0443,0.003,46773055,1965829,0.042,Meddle,High,4.08145729,1.71859296
2014,Spain,Meddle,29496.38,1.37E+12,-0.003,0.4913,0.5087,0.992,0.9905,0.0428,0,46480882,1982162,0.0426,Meddle,High,3.96530608,1.73366834
2007,Israel,Meddle,29614.08,2.13E+11,0.0178,0.4935,0.5065,0,0,0.0551,0,7180100,327108,0.0456,High,High,3.56184957,1.74874372
2009,Israel,Meddle,29658.52,2.22E+11,0.0239,0.4937,0.5063,0,0,0.055,0,7485600,342707,0.0458,High,High,4.24704025,1.7638191
2008,Israel,Meddle,29962.01,2.19E+11,0.0178,0.4936,0.5064,0,0,0.0554,0,7308800,325246,0.0445,High,High,4.29058275,1.77889447
2011,Spain,High,30321.7,1.42E+12,0.0036,0.4939,0.5061,0.9909,0.9879,0.0487,0,46742697,1950482,0.0417,High,High,4.06044724,1.79396985
2010,Israel,High,30642.94,2.34E+11,0.0183,0.494,0.506,0,0,0.0554,0,7623600,360378,0.0473,High,Low,3.95048265,1.80904523
2010,Spain,High,30736.63,1.43E+12,0.0046,0.4944,0.5056,0.9907,0.9881,0.0482,0,46576897,1878973,0.0403,High,High,3.97140474,1.8241206
2009,Spain,High,30874.13,1.43E+12,0.0089,0.4946,0.5054,0.9905,0.9876,0.0487,0,46362946,1800834,0.0388,High,High,3.76930687,1.83919598
2005,Spain,High,31110.01,1.36E+12,0.0169,0.4932,0.5068,0.9898,0.981,0.0413,0,43653155,1809353,0.0414,Meddle,High,3.82913039,1.85427136
2011,Israel,High,31483,2.44E+11,0.0185,0.4943,0.5057,0,0,0.0556,0,7765800,365665,0.0471,High,High,3.97769927,1.86934673
2012,Israel,High,31507.48,2.49E+11,0.0185,0.4947,0.5053,0,0,0.0567,0.0061,7910500,379182,0.0479,High,High,4.14475802,1.88442211
2006,Spain,High,31865.37,1.41E+12,0.0169,0.4937,0.5063,0,0,0.0417,0,44397319,1789254,0.0403,Meddle,High,4.29059588,1.89949749
2013,Israel,High,32196.36,2.59E+11,0.0187,0.4951,0.5049,0,0,0.0584,0.006,8059500,373581,0.0464,High,High,4.60966237,1.91457286
2008,Spain,High,32303.24,1.48E+12,0.016,0.4945,0.5055,0.9898,0.9878,0.045,0,45954106,1781019,0.0388,High,High,4.67221355,1.92964824
2007,Spain,High,32459.92,1.47E+12,0.0185,0.4941,0.5059,0.9913,0.9881,0.0423,0,45226803,1777498,0.0393,Meddle,High,4.20146936,1.94472362
2014,Israel,High,32661.29,2.68E+11,0.0192,0.4955,0.5045,0,0,0.0574,0.0058,8215700,376952,0.0459,High,High,4.00454716,1.95979899
2009,United Kingdom,High,38545.92,2.40E+12,0.0076,0.4909,0.5091,0,0,0.0513,0,62276270,2415222,0.0388,High,High,4.44890268,1.97487437
2010,United Kingdom,High,38893.02,2.44E+12,0.0078,0.4913,0.5087,0,0,0.0577,0,62766365,2479197,0.0395,High,High,3.85311637,1.98994975
2011,United Kingdom,High,39150.76,2.48E+12,0.0078,0.4916,0.5084,0,0,0.0567,0,63258918,2492284,0.0394,High,High,4.80926979,2.00502513
2012,United Kingdom,High,39455.41,2.51E+12,0.007,0.4919,0.5081,0,0,0,0,63700300,2495779,0.0392,Low,High,4.88625894,2.0201005
2005,United Kingdom,High,39740.9,2.40E+12,0.0069,0.4896,0.5104,0,0,0.0498,0,60401206,2287541,0.0379,High,High,4.52038636,2.03517588
2013,United Kingdom,High,39996.5,2.56E+12,0.0067,0.4922,0.5078,0,0,0.0562,0.0059,64128226,2386199,0.0372,High,High,4.36937896,2.05025126
2005,Singapore,High,40020.26,1.71E+11,0.0235,0.4963,0.5037,0,0,0.0322,0,4265762,0,0,Meddle,Low,4.26981957,2.06532663
2006,United Kingdom,High,40418.75,2.46E+12,0.0074,0.49,0.51,0,0,0.0502,0,60846820,2336111,0.0384,High,High,4.67564264,2.08040201
2008,United Kingdom,High,40536.13,2.51E+12,0.0079,0.4906,0.5094,0,0,0.0494,0,61806995,2329494,0.0377,High,High,4.82295451,2.09547739
2014,United Kingdom,High,40908.75,2.64E+12,0.0075,0.4926,0.5074,0,0,0.0569,0.0055,64613160,2352933,0.0364,High,High,4.76837282,2.11055276
2007,United Kingdom,High,41050.41,2.52E+12,0.0078,0.4903,0.5097,0,0,0.0495,0,61322463,2362815,0.0385,High,High,4.90446058,2.12562814
2009,Singapore,High,41133.3,2.05E+11,0.0302,0.4937,0.5063,0,0,0.0303,0,4987573,198634,0.0398,Meddle,Low,4.49120584,2.14070352
2006,Singapore,High,42223.89,1.86E+11,0.0313,0.4956,0.5044,0,0,0.0287,0,4401365,0,0,Meddle,Low,5.11479679,2.15577889
2008,Singapore,High,42650.1,2.06E+11,0.0532,0.4943,0.5057,0,0,0.0278,0,4839396,183627,0.0379,Meddle,Low,4.60150561,2.17085427
2009,Japan,High,42724.53,5.47E+12,-0.0001,0.4893,0.5107,0,0,0,0,128047000,3874224,0.0303,Low,High,5.23339158,2.18592965
2007,Singapore,High,44191.24,2.03E+11,0.0417,0.4949,0.5051,0,0,0.0296,0,4588599,0,0,Meddle,Low,4.4531583,2.20100503
2005,Japan,High,44393.66,5.67E+12,0.0001,0.49,0.51,0,0,0.0337,0,127773000,4038302,0.0316,Meddle,High,4.55286873,2.2160804
2010,Japan,High,44507.68,5.70E+12,0.0002,0.4891,0.5109,0,0,0.0364,0,128070000,3836314,0.03,Meddle,High,5.21306818,2.23115578
2011,Japan,High,44538.71,5.69E+12,-0.0019,0.489,0.511,0,0,0.0364,0,127833000,3880544,0.0304,Meddle,High,5.09907934,2.24623116
2005,Austria,High,44665.71,3.68E+11,0.0068,0.4861,0.5139,0,0,0.0525,0,8227829,244410,0.0297,High,High,4.98308867,2.26130653
2006,Japan,High,44995.52,5.75E+12,0.0006,0.4898,0.5102,0,0,0.0333,0,127854000,4084861,0.0319,Meddle,High,4.4323314,2.27638191
2008,Japan,High,45165.89,5.78E+12,0.0005,0.4895,0.5105,0,0,0.0332,0,128063000,3938632,0.0308,Meddle,High,4.70924452,2.29145729
2012,Japan,High,45276.83,5.78E+12,-0.0016,0.4889,0.5111,0,0,0.0369,0,127629000,3884638,0.0304,Meddle,High,4.92392031,2.30653266
2007,Japan,High,45687.35,5.85E+12,0.0011,0.4897,0.5103,0,0,0.0333,0,128001000,4032625,0.0315,Meddle,High,5.41590003,2.32160804
2006,Austria,High,45934.54,3.80E+11,0.0049,0.4863,0.5137,0,0,0.0523,0,8268641,253139,0.0306,High,High,4.98515005,2.33668342
2009,Austria,High,46082.05,3.84E+11,0.0026,0.487,0.513,0,0,0.0573,0,8343323,308150,0.0369,High,High,4.76411457,2.35175879
2013,Japan,High,46249.26,5.89E+12,-0.0014,0.4888,0.5112,0,0,0.0367,0,127445000,3862749,0.0303,Meddle,High,5.23294215,2.36683417
2014,Japan,High,46466.12,5.91E+12,-0.0013,0.4887,0.5113,0,0,0.0359,0,127276000,3862460,0.0303,Meddle,High,5.53587367,2.38190955
2009,Canada,High,46543.79,1.57E+12,0.0114,0.4961,0.5039,0,0,0.0485,0,33628571,0,0,High,High,4.72189886,2.39698492
2010,Singapore,High,46569.68,2.36E+11,0.0177,0.4934,0.5066,0.986,0.9752,0.0311,0,5076732,213446,0.042,Meddle,Low,4.91840095,2.4120603
2010,Austria,High,46858.04,3.92E+11,0.0024,0.4874,0.5126,0,0,0.057,0,8363404,385499,0.0461,High,High,5.5617205,2.42713568
2005,Canada,High,47181.56,1.52E+12,0.0099,0.4957,0.5043,0,0,0.0478,0,32312000,0,0,High,Low,5.68902498,2.44221106
2007,Austria,High,47444.02,3.94E+11,0.0032,0.4865,0.5135,0,0,0.0515,0,8295487,260975,0.0315,High,High,5.36322866,2.45728643
2010,Canada,High,47447.48,1.61E+12,0.0111,0.4961,0.5039,0,0,0.0537,0,34005274,0,0,High,Low,5.26891101,2.47236181
2009,United States,High,47575.61,1.46E+13,0.0088,0.4938,0.5062,0,0,0,0,306771529,19102814,0.0623,Low,High,5.49580143,2.48743719
2014,Austria,High,47886.56,4.09E+11,0.0073,0.4891,0.5109,0,0,0.0545,0.0069,8541575,421225,0.0493,High,High,5.70099458,2.50251256
2013,Austria,High,47928.76,4.06E+11,0.0058,0.4887,0.5113,0,0,0.0555,0.0073,8479375,418228,0.0493,High,High,5.37399873,2.51758794
2011,Austria,High,48011.71,4.03E+11,0.0034,0.4878,0.5122,0,0,0.0559,0,8391643,400158,0.0477,High,High,5.14636751,2.53266332
2008,Austria,High,48027.52,4.00E+11,0.0031,0.4867,0.5133,0,0,0.0526,0,8321496,284791,0.0342,High,High,5.67768023,2.54773869
2006,Canada,High,48035.04,1.56E+12,0.008,0.4958,0.5042,0,0,0,0,32570505,0,0,Low,Low,5.77868408,2.56281407
2012,Austria,High,48149.72,4.06E+11,0.0046,0.4882,0.5118,0,0,0.0548,0.0073,8429991,413482,0.049,High,High,5.47321702,2.57788945
2010,United States,High,48373.88,1.50E+13,0.0084,0.4939,0.5061,0,0,0.0542,0,309348193,20427709,0.066,High,Low,5.20016001,2.59296482
2011,Singapore,High,48447.68,2.51E+11,0.0208,0.4933,0.5067,0.9871,0.9871,0.0307,0,5183688,236891,0.0457,Meddle,Low,5.91690884,2.6080402
2011,Canada,High,48456.96,1.66E+12,0.0099,0.4961,0.5039,0,0,0.0527,0,34342780,0,0,High,High,5.99917087,2.62311558
2008,Canada,High,48510.57,1.61E+12,0.0108,0.496,0.504,0,0,0.0464,0,33245773,0,0,High,Low,5.91794568,2.63819095
2007,Canada,High,48552.7,1.60E+12,0.0097,0.4959,0.5041,0,0,0.0478,0,32887928,0,0,High,Low,5.96776388,2.65326633
2005,Australia,High,48702.73,9.93E+11,0.0132,0.4991,0.5009,0,0,0.0791,0,20394800,1024589,0.0502,High,High,5.72667396,2.66834171
2012,Canada,High,48724.25,1.69E+12,0.0118,0.4961,0.5039,0,0,0,0,34750545,0,0,Low,Low,5.35464611,2.68341709
2005,United States,High,48755.62,1.44E+13,0.0092,0.4935,0.5065,0,0,0,0,295516599,17272044,0.0584,Low,High,5.59837037,2.69849246
2011,United States,High,48783.47,1.52E+13,0.0075,0.4941,0.5059,0,0,0.0522,0,311663358,21016126,0.0674,High,Low,5.43579282,2.71356784
2012,Singapore,High,49103.71,2.61E+11,0.0245,0.4934,0.5066,0.9878,0.9626,0.0311,0,5312437,243546,0.0458,Meddle,Low,5.41251177,2.72864322
2013,Canada,High,49355.1,1.74E+12,0.0116,0.4961,0.5039,0,0,0,0,35155451,0,0,Low,Low,6.00338437,2.74371859
2008,United States,High,49364.64,1.50E+13,0.0095,0.4937,0.5063,0,0,0,0,304093966,18248124,0.06,Low,High,6.33458204,2.75879397
2006,Australia,High,49418.69,1.02E+12,0.0148,0.4993,0.5007,0,0,0.0474,0,20697900,1040153,0.0503,High,High,5.82991739,2.77386935
2012,United States,High,49497.59,1.55E+13,0.0075,0.4942,0.5058,0,0,0.0519,0,313998379,20994113,0.0669,High,Low,5.95332766,2.78894472
2009,Sweden,High,49554.34,4.61E+11,0.0085,0.4977,0.5023,0,0,0.0686,0,9298515,422580,0.0454,High,High,5.64753321,2.8040201
2006,United States,High,49575.4,1.48E+13,0.0096,0.4936,0.5064,0,0,0,0,298379912,17487476,0.0586,Low,High,5.70711144,2.81909548
2013,United States,High,49976.63,1.58E+13,0.007,0.4944,0.5056,0,0,0.0494,0,316204908,19972623,0.0632,High,High,6.2477224,2.83417085
2007,United States,High,49979.53,1.51E+13,0.0095,0.4937,0.5063,0,0,0,0,301231207,17758870,0.059,Low,High,5.74006391,2.84924623
2005,Sweden,High,49996.18,4.51E+11,0.004,0.4959,0.5041,0,0,0.0656,0,9029572,426723,0.0473,High,High,6.35713712,2.86432161
2014,Canada,High,50067.04,1.78E+12,0.011,0.496,0.504,0,0,0,0,35544564,0,0,Low,Low,6.16770135,2.87939698
2013,Singapore,High,50731.3,2.74E+11,0.0162,0.4936,0.5064,0.9885,0.9644,0.0291,0,5399162,255348,0.0473,Meddle,Low,6.10143567,2.89447236
2014,United States,High,50782.52,1.62E+13,0.0074,0.4945,0.5055,0,0,0.0499,0,318563456,19700221,0.0618,High,High,6.07219589,2.90954774
2007,Australia,High,50952.47,1.06E+12,0.0062,0.4996,0.5004,0,0,0.0466,0,20827600,1083715,0.052,High,High,6.01664455,2.92462312
2009,Australia,High,51651.22,1.12E+12,0.0206,0.5001,0.4999,0,0,0.0509,0,21691700,1199845,0.0553,High,High,6.40051369,2.93969849
2008,Australia,High,51788.44,1.10E+12,0.02,0.4999,0.5001,0,0,0.0463,0,21249200,1117804,0.0526,High,High,6.714145,2.95477387
2014,Singapore,High,51865.72,2.84E+11,0.013,0.4937,0.5063,0.9892,0.9664,0,0,5469724,0,0,Low,Low,6.28072149,2.96984925
2010,Australia,High,51874.08,1.14E+12,0.0156,0.5001,0.4999,0,0,0.0557,0,22031750,0,0,High,Low,6.16175862,2.98492462
2006,Sweden,High,52046.48,4.73E+11,0.0056,0.4963,0.5037,0,0,0.0641,0,9080505,422614,0.0465,High,High,6.50374724,3
2010,Sweden,High,52076.26,4.88E+11,0.0085,0.4981,0.5019,0,0,0.0662,0,9378126,455025,0.0485,High,High,6.82474912,1.11076
2011,Australia,High,52372.15,1.17E+12,0.0139,0.4999,0.5001,0,0,0.051,0,22340024,0,0,High,High,0.6,0
2012,Sweden,High,52519.68,5.00E+11,0.0074,0.4988,0.5012,0,0,0.0766,0,9519374,453328,0.0476,High,High,0.9059,1.11776
2008,Sweden,High,52711.2,4.86E+11,0.0078,0.4972,0.5028,0,0,0.0639,0,9219637,406879,0.0441,High,High,0.927,1.107460022
2013,Sweden,High,52722.91,5.06E+11,0.0085,0.4992,0.5008,0,0,0.0772,0,9600379,436603,0.0455,High,High,1.0407,1.1837
2011,Sweden,High,53061.57,5.01E+11,0.0076,0.4985,0.5015,0,0,0.0649,0,9449213,463530,0.0491,High,High,0.9124,1.11119
2012,Australia,High,53348.39,1.21E+12,0.0172,0.4995,0.5005,0,0,0.0489,0.0037,22728254,0,0,High,Low,0,0
2007,Sweden,High,53421.02,4.89E+11,0.0074,0.4967,0.5033,0,0,0.0622,0,9148092,413710,0.0452,High,High,0.9325,1.10552001
2014,Sweden,High,53561.89,5.19E+11,0.0099,0.4995,0.5005,0,0,0.0768,0,9696110,429444,0.0443,High,High,1.0506,1.17671
2013,Australia,High,53798.36,1.24E+12,0.017,0.4991,0.5009,0,0,0.0526,0.0035,23117353,0,0,High,High,0.8,0
2014,Australia,High,54394.33,1.28E+12,0.0147,0.4987,0.5013,0,0,0.0519,0.0032,23460694,0,0,High,High,0.6,0
